freq,temp,b_pk,b_pp_half,waveform,b_form,crest_dB,duty_pos,purity,p_ml,p_se,in_dist,nn_dist,g4_ok,g5_ok,gate_pass
49960.0,25.0,0.100080064051241,0.10007492982011808,sine,0.7076721902781228,1.4173784022093827,0.5,0.9999997363568122,23134.264105588074,34297.365056213814,True,0.06581428747568917,True,True,True
51951.12678171542,25.0,0.09624430324694683,0.09623936579509947,sine,0.7076721902781228,1.4173784022093827,0.5,0.9999997363568122,22158.28721813388,34003.314842046995,True,0.0729841232597727,True,True,True
54021.60876480931,25.0,0.09255555534764255,0.09255080713312681,sine,0.7076721902781228,1.4173784022093827,0.5,0.9999997363568122,21245.39141968893,33711.78568243669,True,0.14403529091333112,True,True,True
56174.608604740504,25.0,0.08900818580119232,0.08900361957112377,sine,0.7076721902781228,1.4173784022093827,0.5,0.9999997363568122,20394.23130058624,33422.755962992494,True,0.2179016300740164,True,True,True
58413.41500276461,25.0,0.08559677601049961,0.08559238478997452,sine,0.7076721902781228,1.4173784022093827,0.5,0.9999997363568122,19603.045643696416,33136.204254636556,True,0.17903165865782128,True,True,True
60741.44772941513,25.0,0.08231611505661662,0.0823118921380579,sine,0.7076721902781228,1.4173784022093827,0.5,0.9999997363568122,18869.734618628136,32852.109312014014,True,0.10265381999336687,True,True,True
63162.262848194354,25.0,0.07916119173907869,0.07915713067198998,sine,0.7076721902781228,1.4173784022093827,0.5,0.9999997363568122,18191.93635238432,32570.450071917803,True,0.04069312066106418,True,True,True
65679.55814744948,25.0,0.07612718692131097,0.07612328150242363,sine,0.7076721902781228,1.4173784022093827,0.5,0.9999997363568122,17567.099857490353,32291.205651728094,True,0.069016543339579,True,True,True
68297.17878873505,25.0,0.07320946616940935,0.07320571043320692,sine,0.7076721902781228,1.4173784022093827,0.5,0.9999997363568122,16992.552031946296,32014.35534786263,True,0.13264043408886225,True,True,True
71019.12318028537,25.0,0.07040357267305689,0.07039996088266277,sine,0.7076721902781228,1.4173784022093827,0.5,0.9999997363568122,16465.557187734878,31739.878634242556,True,0.1825532233285738,True,True,True
73849.54908457315,25.0,0.06770522043775726,0.0677017470761717,sine,0.7076721902781228,1.4173784022093827,0.5,0.9999997363568122,15983.368251340922,31467.755160770736,True,0.14001800704507564,True,True,True
76792.7799692789,25.0,0.06511028773799125,0.06510694749966411,sine,0.7076721902781228,1.4173784022093827,0.5,0.9999997363568122,15543.269367817855,31197.964751822183,True,0.07568334469748304,True,True,True
79853.31161137689,25.0,0.06261481082129144,0.06261159860401799,sine,0.7076721902781228,1.4173784022093827,0.5,0.9999997363568122,15142.61010727724,30930.487404748666,True,0.026414035620455755,True,True,True
83035.81896442086,25.0,0.060214977853622384,0.060211888750749676,sine,0.7076721902781228,1.4173784022093827,0.5,0.9999997363568122,14778.831814681538,30665.30328839613,True,0.06134478619524971,True,True,True
86345.1632995237,25.0,0.05790712309681371,0.057904152389745715,sine,0.7076721902781228,1.4173784022093827,0.5,0.9999997363568122,14449.486868730435,30402.392741633597,True,0.11941325419014209,True,True,True
89786.39963093423,25.0,0.05568772130915631,0.05568486446014626,sine,0.7076721902781228,1.4173784022093827,0.5,0.9999997363568122,14152.251739660644,30141.736271895694,True,0.17345538525453166,True,True,True
93364.78443755879,25.0,0.05355338236060447,0.05355063500582348,sine,0.7076721902781228,1.4173784022093827,0.5,0.9999997363568122,13884.934778922645,29883.314553737877,True,0.11656264049052004,True,True,True
97085.78369221666,25.0,0.05150084605436263,0.05149820399723391,sine,0.7076721902781228,1.4173784022093827,0.5,0.9999997363568122,13645.479656481839,29627.10842740308,True,0.06272340172422226,True,True,True
100955.0812108998,25.0,0.04952697714694291,0.04952443635173157,sine,0.7076721902781228,1.4173784022093827,0.5,0.9999997363568122,13431.965302817718,29373.098897401396,True,0.026514552683118708,True,True,True
104978.5873347844,25.0,0.04762876055909034,0.04762631714473878,sine,0.7076721902781228,1.4173784022093827,0.5,0.9999997363568122,13242.603128614443,29121.267131101922,True,0.05945215718340816,True,True,True
109162.44795826214,25.0,0.04580329677025685,0.045800947004456444,sine,0.7076721902781228,1.4173784022093827,0.5,0.9999997363568122,13075.7321983927,28871.59445733598,True,0.11015736913135782,True,True,True
113513.05391677511,25.0,0.044047797389592504,0.044045537683082545,sine,0.7076721902781228,1.4173784022093827,0.5,0.9999997363568122,12929.812934409187,28624.06236501331,True,0.15406272374268165,True,True,True
118037.05074880084,25.0,0.04235958089668549,0.042357407797770585,sine,0.7076721902781228,1.4173784022093827,0.5,0.9999997363568122,12803.419830605098,28378.652501749337,True,0.10282274361804292,True,True,True
122741.34884689203,25.0,0.0407360685455479,0.04073397873482551,sine,0.7076721902781228,1.4173784022093827,0.5,0.9999997363568122,12695.23356738695,28135.346672504784,True,0.054403601674320776,True,True,True
127633.13401328375,25.0,0.0391747804255877,0.039172770710877776,sine,0.7076721902781228,1.4173784022093827,0.5,0.9999997363568122,12604.032838843084,27894.126838236185,True,0.028156079574300878,True,True,True
132719.87843618443,25.0,0.03767333167355292,0.03767139898502183,sine,0.7076721902781228,1.4173784022093827,0.5,0.9999997363568122,12528.686135551887,27654.975114558834,True,0.06344206731226663,True,True,True
138009.35210352452,25.0,0.036229428830658994,0.036227570216130406,sine,0.7076721902781228,1.4173784022093827,0.5,0.9999997363568122,12468.143668365312,27417.873770421003,True,0.11254667337980158,True,True,True
143509.6346715893,25.0,0.034840866339337515,0.03483907895978291,sine,0.7076721902781228,1.4173784022093827,0.5,0.9999997363568122,12421.429570808166,27182.805226788656,True,0.14502651318620446,True,True,True
149229.12780667352,25.0,0.03350552317425258,0.03350380429945467,sine,0.7076721902781228,1.4173784022093827,0.5,0.9999997363568122,12387.634479009923,26949.752055342502,True,0.14512260239680658,True,True,True
155176.56801860098,25.0,0.03222135960244108,0.032219706606823405,sine,0.7076721902781228,1.4173784022093827,0.5,0.9999997363568122,12365.908557215735,26718.69697718627,True,0.1615881045845665,True,True,True
161361.04000572133,25.0,0.03098641406762572,0.030984824426242077,sine,0.7076721902781228,1.4173784022093827,0.5,0.9999997363568122,12355.455012714925,26489.62286156472,True,0.15796701132488367,True,True,True
167791.99053175893,25.0,0.029798800193943834,0.02979727147862144,sine,0.7076721902781228,1.4173784022093827,0.5,0.9999997363568122,12355.524125330498,26262.512724594202,True,0.14439609544250223,True,True,True
174479.24285572086,25.0,0.028656703904512953,0.028655233780143414,sine,0.7076721902781228,1.4173784022093827,0.5,0.9999997363568122,12365.407802384678,26037.34972800335,True,0.15281642623420325,True,True,True
181433.01173689478,25.0,0.027558380650433967,0.027556966871406408,sine,0.7076721902781228,1.4173784022093827,0.5,0.9999997363568122,12384.434659375182,25814.117177884455,True,0.14933291440798308,True,True,True
188663.9190378682,25.0,0.02650215274599703,0.02650079315276792,sine,0.7076721902781228,1.4173784022093827,0.5,0.9999997363568122,12411.96561867455,25592.798523455862,True,0.09167325481902285,True,True,True
196183.00994939107,25.0,0.025486406806021784,0.025485099321816262,sine,0.7076721902781228,1.4173784022093827,0.5,0.9999997363568122,12447.39001273915,25373.377355835084,True,0.034641238552245726,True,True,True
204001.76986187685,25.0,0.024509591281415558,0.02450833390905514,sine,0.7076721902781228,1.4173784022093827,0.5,0.9999997363568122,12490.122174051061,25155.83740682175,True,0.035017256720910064,True,True,True
212132.14190930122,25.0,0.02357021408918687,0.023569004908038777,sine,0.7076721902781228,1.4173784022093827,0.5,0.9999997363568122,12539.598490887276,24940.162547691834,True,0.09538482190148405,True,True,True
220586.54521230925,25.0,0.022666840333292405,0.022665677496335808,sine,0.7076721902781228,1.4173784022093827,0.5,0.9999997363568122,12595.274905681614,24726.33678800201,True,0.1597325493442586,True,True,True
229377.89384838412,25.0,0.02179809011283771,0.021796971843842397,sine,0.7076721902781228,1.4173784022093827,0.5,0.9999997363568122,12656.624830971625,24514.344274403484,True,0.21907830549100757,True,True,True
238519.6165780681,25.0,0.02096263641428204,0.020961561005095237,sine,0.7076721902781228,1.4173784022093827,0.5,0.9999997363568122,12723.137456527633,24304.16928946697,True,0.16070951982251375,True,True,True
248025.67735735304,25.0,0.020159203084429228,0.0201581688923664,sine,0.7076721902781228,1.4173784022093827,0.5,0.9999997363568122,12794.316420119943,24095.796250517735,True,0.11502466988166954,True,True,True
257910.59666758825,25.0,0.019386562881106902,0.019385568326442552,sine,0.7076721902781228,1.4173784022093827,0.5,0.9999997363568122,12869.678813424494,23889.2097084795,True,0.10583411416911326,True,True,True
268189.4736954712,25.0,0.018643535598557807,0.01864257916211246,sine,0.7076721902781228,1.4173784022093827,0.5,0.9999997363568122,12948.754493763538,23684.394346729663,True,0.14438453016379735,True,True,True
278878.00939701713,25.0,0.017928986264678495,0.017928066485498145,sine,0.7076721902781228,1.4173784022093827,0.5,0.9999997363568122,13031.085671709152,23481.33497996324,True,0.20832344410837253,True,True,True
289992.53048072156,25.0,0.017241823407352884,0.017240938880477397,sine,0.7076721902781228,1.4173784022093827,0.5,0.9999997363568122,13116.226744069932,23280.016553067642,True,0.19464550637638925,True,True,True
301550.01434656646,25.0,0.01658099738723137,0.016580146761548405,sine,0.7076721902781228,1.4173784022093827,0.5,0.9999997363568122,13203.744341445568,23080.42414000564,True,0.110250820898755,True,True,True
313568.1150189465,25.0,0.015945498794409912,0.015944680770591114,sine,0.7076721902781228,1.4173784022093827,0.5,0.9999997363568122,13293.217559416269,22882.542942709322,True,0.026881123760408687,True,True,True
326065.19011314726,25.0,0.01533435690655896,0.015333570235075224,sine,0.7076721902781228,1.4173784022093827,0.5,0.9999997363568122,13384.238342554914,22686.358289982843,True,0.07267015976974522,True,True,True
339060.3288765461,25.0,0.014746638206148056,0.014745881685360883,sine,0.7076721902781228,1.4173784022093827,0.5,0.9999997363568122,13476.411990848726,22491.85563641453,True,0.1664164921944867,True,True,True
352573.38134738983,25.0,0.014181444954500154,0.014180717428826149,sine,0.7076721902781228,1.4173784022093827,0.5,0.9999997363568122,13569.357758813076,22299.02056129838,True,0.2646006916087697,True,True,True
366624.98867566726,25.0,0.013637913820498532,0.013637214178644256,sine,0.7076721902781228,1.4173784022093827,0.5,0.9999997363568122,13662.709518588728,22107.83876756545,True,0.2298821018134651,True,True,True
381236.6146524139,25.0,0.013115214561850694,0.013114541735115165,sine,0.7076721902781228,1.4173784022093827,0.5,0.9999997363568122,13756.116459636793,21918.296080723045,True,0.12416671691596687,True,True,True
396430.578495587,25.0,0.012612548756895804,0.012611901717538058,sine,0.7076721902781228,1.4173784022093827,0.5,0.9999997363568122,13849.24379928159,21730.378447804378,True,0.020851089231733386,True,True,True
412230.0889426152,25.0,0.012129148585017598,0.012128526344686818,sine,0.7076721902781228,1.4173784022093827,0.5,0.9999997363568122,13941.773480270402,21544.071936326563,True,0.10264130375547499,True,True,True
428659.2797016736,25.0,0.011664275653800757,0.011663677262026573,sine,0.7076721902781228,1.4173784022093827,0.5,0.9999997363568122,14033.404833699573,21359.362733257494,True,0.22059024433739494,True,True,True
445743.2463158624,25.0,0.011217219871138332,0.011216644413878978,sine,0.7076721902781228,1.4173784022093827,0.5,0.9999997363568122,14123.855188055077,21176.237143991646,True,0.344048246717135,True,True,True
463508.08449657244,25.0,0.010787298360568237,0.010786744958814352,sine,0.7076721902781228,1.4173784022093827,0.5,0.9999997363568122,14212.860407683442,20994.681591335277,True,0.27311159388814915,True,True,True
481980.92998461734,25.0,0.010373854418181188,0.010373322226613134,sine,0.7076721902781228,1.4173784022093827,0.5,0.9999997363568122,14300.175346692757,20814.682614499034,True,0.14291004658506584,True,True,True
501190.0,25.0,0.009976256509507373,0.009975744715204014,sine,0.7076721902781228,1.4173784022093827,0.5,0.9999997363568122,14385.574207031717,20636.22686810044,True,0.04405261707668423,True,True,True
49960.0,25.0,0.100080064051241,0.09993292361061973,triangle_50,0.9115971117433664,2.353828151264451,0.5,0.9029058953037243,80674.81966536312,34297.365056213814,True,0.08494714848188478,True,True,True
51951.12678171542,25.0,0.09624430324694683,0.0961028022465099,triangle_50,0.9115971117433664,2.353828151264451,0.5,0.9029058953037243,78338.52982867639,34003.314842046995,True,0.1600435792232157,True,True,True
54021.60876480931,25.0,0.09255555534764255,0.09241947764500613,triangle_50,0.9115971117433664,2.353828151264451,0.5,0.9029058953037243,76147.7608854568,33711.78568243669,True,0.24500781497012172,True,True,True
56174.608604740504,25.0,0.08900818580119232,0.08887732353804487,triangle_50,0.9115971117433664,2.353828151264451,0.5,0.9029058953037243,74102.17332496458,33422.755962992494,True,0.20623085148034281,True,True,True
58413.41500276461,25.0,0.08559677601049961,0.08547092929509886,triangle_50,0.9115971117433664,2.353828151264451,0.5,0.9029058953037243,72200.13625322703,33136.204254636556,True,0.13767513156875516,True,True,True
60741.44772941513,25.0,0.08231611505661662,0.08219509165845552,triangle_50,0.9115971117433664,2.353828151264451,0.5,0.9029058953037243,70438.88199627616,32852.109312014014,True,0.09917465147562361,True,True,True
63162.262848194354,25.0,0.07916119173907869,0.07904480679525382,triangle_50,0.9115971117433664,2.353828151264451,0.5,0.9029058953037243,68814.6748793451,32570.450071917803,True,0.11724541584127972,True,True,True
65679.55814744948,25.0,0.07612718692131097,0.07601526265414499,triangle_50,0.9115971117433664,2.353828151264451,0.5,0.9029058953037243,67322.98518902056,32291.205651728094,True,0.17145110812353048,True,True,True
68297.17878873505,25.0,0.07320946616940935,0.07310183161489607,triangle_50,0.9115971117433664,2.353828151264451,0.5,0.9029058953037243,65958.66051888066,32014.35534786263,True,0.2317680985640917,True,True,True
71019.12318028537,25.0,0.07040357267305689,0.07030006341971427,triangle_50,0.9115971117433664,2.353828151264451,0.5,0.9029058953037243,64716.088212536,31739.878634242556,True,0.1712372406382016,True,True,True
73849.54908457315,25.0,0.06770522043775726,0.06760567837548928,triangle_50,0.9115971117433664,2.353828151264451,0.5,0.9029058953037243,63589.34425322635,31467.755160770736,True,0.1246270119074422,True,True,True
76792.7799692789,25.0,0.06511028773799125,0.06501456081657521,triangle_50,0.9115971117433664,2.353828151264451,0.5,0.9029058953037243,62572.325542603896,31197.964751822183,True,0.10686825204885879,True,True,True
79853.31161137689,25.0,0.06261481082129144,0.06252275281812165,triangle_50,0.9115971117433664,2.353828151264451,0.5,0.9029058953037243,61658.86394448672,30930.487404748666,True,0.12713106067434168,True,True,True
83035.81896442086,25.0,0.060214977853622384,0.060126448150355546,triangle_50,0.9115971117433664,2.353828151264451,0.5,0.9029058953037243,60842.821670382036,30665.30328839613,True,0.17035677930895274,True,True,True
86345.1632995237,25.0,0.05790712309681371,0.057821986464574815,triangle_50,0.9115971117433664,2.353828151264451,0.5,0.9029058953037243,60118.16852202359,30402.392741633597,True,0.22037097373287448,True,True,True
89786.39963093423,25.0,0.05568772130915631,0.05560584770197687,triangle_50,0.9115971117433664,2.353828151264451,0.5,0.9029058953037243,59479.04218393429,30141.736271895694,True,0.17090291297978188,True,True,True
93364.78443755879,25.0,0.05355338236060447,0.0534746467167777,triangle_50,0.9115971117433664,2.353828151264451,0.5,0.9029058953037243,58919.79320010326,29883.314553737877,True,0.12973877709608544,True,True,True
97085.78369221666,25.0,0.05150084605436263,0.051425128105412006,triangle_50,0.9115971117433664,2.353828151264451,0.5,0.9029058953037243,58435.01650990662,29627.10842740308,True,0.10553375894195782,True,True,True
100955.0812108998,25.0,0.04952697714694291,0.04945416123391242,triangle_50,0.9115971117433664,2.353828151264451,0.5,0.9029058953037243,58019.5715009316,29373.098897401396,True,0.10818720999706523,True,True,True
104978.5873347844,25.0,0.04762876055909034,0.047558735455875766,triangle_50,0.9115971117433664,2.353828151264451,0.5,0.9029058953037243,57668.59250124751,29121.267131101922,True,0.13483816733401185,True,True,True
109162.44795826214,25.0,0.04580329677025685,0.045735955513708175,triangle_50,0.9115971117433664,2.353828151264451,0.5,0.9029058953037243,57377.4915176301,28871.59445733598,True,0.17401159277746364,True,True,True
113513.05391677511,25.0,0.044047797389592504,0.04398303711612802,triangle_50,0.9115971117433664,2.353828151264451,0.5,0.9029058953037243,57141.954860019076,28624.06236501331,True,0.15921853206672612,True,True,True
118037.05074880084,25.0,0.04235958089668549,0.042297302685167966,triangle_50,0.9115971117433664,2.353828151264451,0.5,0.9029058953037243,56957.93510032426,28378.652501749337,True,0.12435526270573502,True,True,True
122741.34884689203,25.0,0.0407360685455479,0.0406761772661828,triangle_50,0.9115971117433664,2.353828151264451,0.5,0.9029058953037243,56821.639613658954,28135.346672504784,True,0.10485502485217207,True,True,True
127633.13401328375,25.0,0.0391747804255877,0.039117184594612706,triangle_50,0.9115971117433664,2.353828151264451,0.5,0.9029058953037243,56729.51675477507,27894.126838236185,True,0.10882384735175504,True,True,True
132719.87843618443,25.0,0.03767333167355292,0.037617943313496716,triangle_50,0.9115971117433664,2.353828151264451,0.5,0.9029058953037243,56678.24054007489,27654.975114558834,True,0.13404035179865326,True,True,True
138009.35210352452,25.0,0.036229428830658994,0.03617616333595596,triangle_50,0.9115971117433664,2.353828151264451,0.5,0.9029058953037243,56664.694540760494,27417.873770421003,True,0.17141354375908924,True,True,True
143509.6346715893,25.0,0.034840866339337515,0.03478964234709294,triangle_50,0.9115971117433664,2.353828151264451,0.5,0.9029058953037243,56685.9555475729,27182.805226788656,True,0.21485475213836155,True,True,True
149229.12780667352,25.0,0.03350552317425258,0.03345626243996107,triangle_50,0.9115971117433664,2.353828151264451,0.5,0.9029058953037243,56739.27744251172,26949.752055342502,True,0.2616043332667736,True,True,True
155176.56801860098,25.0,0.03222135960244108,0.032173986880468276,triangle_50,0.9115971117433664,2.353828151264451,0.5,0.9029058953037243,56822.075607034494,26718.69697718627,True,0.31047368370612416,True,True,True
161361.04000572133,25.0,0.03098641406762572,0.03094085699627084,triangle_50,0.9115971117433664,2.353828151264451,0.5,0.9029058953037243,56931.91210798548,26489.62286156472,True,0.3609459072469088,True,True,True
167791.99053175893,25.0,0.029798800193943834,0.029754989184907335,triangle_50,0.9115971117433664,2.353828151264451,0.5,0.9029058953037243,57066.48182997293,26262.512724594202,True,0.383192639850863,True,True,True
174479.24285572086,25.0,0.028656703904512953,0.028614572036600634,triangle_50,0.9115971117433664,2.353828151264451,0.5,0.9029058953037243,57223.599664063426,26037.34972800335,True,0.3391548334531407,True,True,True
181433.01173689478,25.0,0.027558380650433967,0.027517863567335005,triangle_50,0.9115971117433664,2.353828151264451,0.5,0.9029058953037243,57401.188815510555,25814.117177884455,True,0.2988113505148155,True,True,True
188663.9190378682,25.0,0.02650215274599703,0.026463188557979907,triangle_50,0.9115971117433664,2.353828151264451,0.5,0.9029058953037243,57597.270255926174,25592.798523455862,True,0.2645920524388521,True,True,True
196183.00994939107,25.0,0.025486406806021784,0.02544893599539789,triangle_50,0.9115971117433664,2.353828151264451,0.5,0.9029058953037243,57809.95331616449,25373.377355835084,True,0.24009220258377137,True,True,True
204001.76986187685,25.0,0.024509591281415558,0.024473556611626094,triangle_50,0.9115971117433664,2.353828151264451,0.5,0.9029058953037243,58037.427393768994,25155.83740682175,True,0.2296176752866321,True,True,True
212132.14190930122,25.0,0.02357021408918687,0.023535560517374154,triangle_50,0.9115971117433664,2.353828151264451,0.5,0.9029058953037243,58277.954731893995,24940.162547691834,True,0.23634153099341063,True,True,True
220586.54521230925,25.0,0.022666840333292405,0.02263351492622207,triangle_50,0.9115971117433664,2.353828151264451,0.5,0.9029058953037243,58529.86421409177,24726.33678800201,True,0.2602587776526081,True,True,True
229377.89384838412,25.0,0.02179809011283771,0.021766041966043332,triangle_50,0.9115971117433664,2.353828151264451,0.5,0.9029058953037243,58791.54611040515,24514.344274403484,True,0.2548336503537831,True,True,True
238519.6165780681,25.0,0.02096263641428204,0.020931816574308697,triangle_50,0.9115971117433664,2.353828151264451,0.5,0.9029058953037243,59061.447704121805,24304.16928946697,True,0.2175179404931334,True,True,True
248025.67735735304,25.0,0.020159203084429228,0.020129564474057258,triangle_50,0.9115971117433664,2.353828151264451,0.5,0.9029058953037243,59338.06972473448,24095.796250517735,True,0.1976826267845134,True,True,True
257910.59666758825,25.0,0.019386562881106902,0.01935806022744156,triangle_50,0.9115971117433664,2.353828151264451,0.5,0.9029058953037243,59619.96351067781,23889.2097084795,True,0.20306712743775548,True,True,True
268189.4736954712,25.0,0.018643535598557807,0.018616125363875045,triangle_50,0.9115971117433664,2.353828151264451,0.5,0.9029058953037243,59905.72882492408,23684.394346729663,True,0.2343136098223317,True,True,True
278878.00939701713,25.0,0.017928986264678495,0.01790262657992123,triangle_50,0.9115971117433664,2.353828151264451,0.5,0.9029058953037243,60194.012247181345,23481.33497996324,True,0.2851567697440302,True,True,True
289992.53048072156,25.0,0.017241823407352884,0.017216474008176108,triangle_50,0.9115971117433664,2.353828151264451,0.5,0.9029058953037243,60483.506068082876,23280.016553067642,True,0.2841638836885481,True,True,True
301550.01434656646,25.0,0.01658099738723137,0.016556619552498486,triangle_50,0.9115971117433664,2.353828151264451,0.5,0.9029058953037243,60772.947613152086,23080.42414000564,True,0.23507125064219622,True,True,True
313568.1150189465,25.0,0.015945498794409912,0.015922055287046304,triangle_50,0.9115971117433664,2.353828151264451,0.5,0.9029058953037243,61061.11892736093,22882.542942709322,True,0.20985033795109964,True,True,True
326065.19011314726,25.0,0.01533435690655896,0.015311811916672465,triangle_50,0.9115971117433664,2.353828151264451,0.5,0.9029058953037243,61346.84675462956,22686.358289982843,True,0.22085641085988245,True,True,True
339060.3288765461,25.0,0.014746638206148056,0.014724957296329453,triangle_50,0.9115971117433664,2.353828151264451,0.5,0.9029058953037243,61629.00275055255,22491.85563641453,True,0.2671032520715323,True,True,True
352573.38134738983,25.0,0.014181444954500154,0.014160595007220113,triangle_50,0.9115971117433664,2.353828151264451,0.5,0.9029058953037243,61906.50387089321,22299.02056129838,True,0.33732430390793994,True,True,True
366624.98867566726,25.0,0.013637913820498532,0.01361786298752069,triangle_50,0.9115971117433664,2.353828151264451,0.5,0.9029058953037243,62178.31288288239,22107.83876756545,True,0.2877986527284993,True,True,True
381236.6146524139,25.0,0.013115214561850694,0.013095932215583557,triangle_50,0.9115971117433664,2.353828151264451,0.5,0.9029058953037243,62443.438951017975,21918.296080723045,True,0.21865844488204586,True,True,True
396430.578495587,25.0,0.012612548756895804,0.012594005443609186,triangle_50,0.9115971117433664,2.353828151264451,0.5,0.9029058953037243,62700.93825384286,21730.378447804378,True,0.18788346878967352,True,True,True
412230.0889426152,25.0,0.012129148585017598,0.012111315979852131,triangle_50,0.9115971117433664,2.353828151264451,0.5,0.9029058953037243,62949.91459298784,21544.071936326563,True,0.21922936846021485,True,True,True
428659.2797016736,25.0,0.011664275653800757,0.011647126517501749,triangle_50,0.9115971117433664,2.353828151264451,0.5,0.9029058953037243,63189.519960571655,21359.362733257494,True,0.2985522619938092,True,True,True
445743.2463158624,25.0,0.011217219871138332,0.011200728008447878,triangle_50,0.9115971117433664,2.353828151264451,0.5,0.9029058953037243,63418.95503579649,21176.237143991646,True,0.4023029475591473,True,True,True
463508.08449657244,25.0,0.010787298360568237,0.010771438580212038,triangle_50,0.9115971117433664,2.353828151264451,0.5,0.9029058953037243,63637.46958619875,20994.681591335277,True,0.42061016142451596,False,True,False
481980.92998461734,25.0,0.010373854418181188,0.010358602494388946,triangle_50,0.9115971117433664,2.353828151264451,0.5,0.9029058953037243,63844.362753476904,20814.682614499034,True,0.3542364038025478,False,True,False
501190.0,25.0,0.009976256509507373,0.009961589145008004,triangle_50,0.9115971117433664,2.353828151264451,0.5,0.9029058953037243,64038.98320809481,20636.22686810044,True,0.33137862761090303,False,True,False
49960.0,25.0,0.100080064051241,0.09858338573105735,triangle_20,0.5697185793522106,2.159675488387172,0.201171875,0.8271568838737232,23957.189591419396,34297.365056213814,True,0.3968823743945394,True,True,True
51951.12678171542,25.0,0.09624430324694683,0.09480498799993486,triangle_20,0.5697185793522106,2.159675488387172,0.201171875,0.8271568838737232,23242.90381886046,34003.314842046995,True,0.3977088576511072,True,True,True
54021.60876480931,25.0,0.09255555534764255,0.09117140462377363,triangle_20,0.5697185793522106,2.159675488387172,0.201171875,0.8271568838737232,22578.786389751946,33711.78568243669,True,0.41773143148250585,True,True,True
56174.608604740504,25.0,0.08900818580119232,0.08767708531409316,triangle_20,0.5697185793522106,2.159675488387172,0.201171875,0.8271568838737232,21963.073094128522,33422.755962992494,True,0.4524688274459363,True,True,True
58413.41500276461,25.0,0.08559677601049961,0.08431669250788577,triangle_20,0.5697185793522106,2.159675488387172,0.201171875,0.8271568838737232,21393.833694884772,33136.204254636556,True,0.4972453265142471,True,True,True
60741.44772941513,25.0,0.08231611505661662,0.08108509321450527,triangle_20,0.5697185793522106,2.159675488387172,0.201171875,0.8271568838737232,20869.022413808463,32852.109312014014,True,0.5482892143656848,True,True,True
63162.262848194354,25.0,0.07916119173907869,0.07797735117503671,triangle_20,0.5697185793522106,2.159675488387172,0.201171875,0.8271568838737232,20386.523588405962,32570.450071917803,False,0.6029259127948177,True,True,False
65679.55814744948,25.0,0.07612718692131097,0.07498871932217596,triangle_20,0.5697185793522106,2.159675488387172,0.201171875,0.8271568838737232,19944.191729358412,32291.205651728094,False,0.6256843847412258,True,True,False
68297.17878873505,25.0,0.07320946616940935,0.0721146325290964,triangle_20,0.5697185793522106,2.159675488387172,0.201171875,0.8271568838737232,19539.88561113114,32014.35534786263,True,0.5544762412423336,True,True,True
71019.12318028537,25.0,0.07040357267305689,0.06935070063623157,triangle_20,0.5697185793522106,2.159675488387172,0.201171875,0.8271568838737232,19171.496367426163,31739.878634242556,True,0.4862167546163083,True,True,True
73849.54908457315,25.0,0.06770522043775726,0.06669270174531754,triangle_20,0.5697185793522106,2.159675488387172,0.201171875,0.8271568838737232,18836.969829395017,31467.755160770736,True,0.42104993497719845,True,True,True
76792.7799692789,25.0,0.06511028773799125,0.06413657577045617,triangle_20,0.5697185793522106,2.159675488387172,0.201171875,0.8271568838737232,18534.323536993543,31197.964751822183,True,0.3592942300059257,True,True,True
79853.31161137689,25.0,0.06261481082129144,0.0616784182363442,triangle_20,0.5697185793522106,2.159675488387172,0.201171875,0.8271568838737232,18261.658978007887,30930.487404748666,True,0.30158425981018083,True,True,True
83035.81896442086,25.0,0.060214977853622384,0.05931447431419907,triangle_20,0.5697185793522106,2.159675488387172,0.201171875,0.8271568838737232,18017.16967457407,30665.30328839613,True,0.24915120687069267,True,True,True
86345.1632995237,25.0,0.05790712309681371,0.057041133086267425,triangle_20,0.5697185793522106,2.159675488387172,0.201171875,0.8271568838737232,17799.1457548722,30402.392741633597,True,0.2043531790528478,True,True,True
89786.39963093423,25.0,0.05568772130915631,0.05485492203015935,triangle_20,0.5697185793522106,2.159675488387172,0.201171875,0.8271568838737232,17605.97562985702,30141.736271895694,True,0.1714198476297056,True,True,True
93364.78443755879,25.0,0.05355338236060447,0.05275250171457907,triangle_20,0.5697185793522106,2.159675488387172,0.201171875,0.8271568838737232,17436.145352342603,29883.314553737877,True,0.14318122706311864,True,True,True
97085.78369221666,25.0,0.05150084605436263,0.05073066069835391,triangle_20,0.5697185793522106,2.159675488387172,0.201171875,0.8271568838737232,17288.23617796477,29627.10842740308,True,0.11855225895998267,True,True,True
100955.0812108998,25.0,0.04952697714694291,0.04878631062496599,triangle_20,0.5697185793522106,2.159675488387172,0.201171875,0.8271568838737232,17160.92078217221,29373.098897401396,True,0.11763996987337406,True,True,True
104978.5873347844,25.0,0.04762876055909034,0.04691648150509703,triangle_20,0.5697185793522106,2.159675488387172,0.201171875,0.8271568838737232,17052.95852026394,29121.267131101922,True,0.13967224401310852,True,True,True
109162.44795826214,25.0,0.04580329677025685,0.04511831717997719,triangle_20,0.5697185793522106,2.159675488387172,0.201171875,0.8271568838737232,16963.19005272781,28871.59445733598,True,0.1631191534616277,True,True,True
113513.05391677511,25.0,0.044047797389592504,0.043389070958611296,triangle_20,0.5697185793522106,2.159675488387172,0.201171875,0.8271568838737232,16890.531598413407,28624.06236501331,True,0.13143506488069567,True,True,True
118037.05074880084,25.0,0.04235958089668549,0.04172610142221519,triangle_20,0.5697185793522106,2.159675488387172,0.201171875,0.8271568838737232,16833.969024888593,28378.652501749337,True,0.0800358239406318,True,True,True
122741.34884689203,25.0,0.0407360685455479,0.04012686838945667,triangle_20,0.5697185793522106,2.159675488387172,0.201171875,0.8271568838737232,16792.55193930553,28135.346672504784,True,0.03082340391583432,True,True,True
127633.13401328375,25.0,0.0391747804255877,0.038588929036334874,triangle_20,0.5697185793522106,2.159675488387172,0.201171875,0.8271568838737232,16765.3879042228,27894.126838236185,True,0.028506974512299443,True,True,True
132719.87843618443,25.0,0.03767333167355292,0.037109934164774094,triangle_20,0.5697185793522106,2.159675488387172,0.201171875,0.8271568838737232,16751.636870674884,27654.975114558834,True,0.07716772116849979,True,True,True
138009.35210352452,25.0,0.036229428830658994,0.03568762461422963,triangle_20,0.5697185793522106,2.159675488387172,0.201171875,0.8271568838737232,16750.505894675487,27417.873770421003,True,0.12804237421111309,True,True,True
143509.6346715893,25.0,0.034840866339337515,0.034319827810826944,triangle_20,0.5697185793522106,2.159675488387172,0.201171875,0.8271568838737232,16761.244182508108,27182.805226788656,True,0.14485668584476724,True,True,True
149229.12780667352,25.0,0.03350552317425258,0.033004454448760566,triangle_20,0.5697185793522106,2.159675488387172,0.201171875,0.8271568838737232,16783.13849378921,26949.752055342502,True,0.17246279468368067,True,True,True
155176.56801860098,25.0,0.03222135960244108,0.031739495298885846,triangle_20,0.5697185793522106,2.159675488387172,0.201171875,0.8271568838737232,16815.50891860218,26718.69697718627,True,0.17487810097548945,True,True,True
161361.04000572133,25.0,0.03098641406762572,0.030523018139626476,triangle_20,0.5697185793522106,2.159675488387172,0.201171875,0.8271568838737232,16857.705035297924,26489.62286156472,True,0.14666455495383204,True,True,True
167791.99053175893,25.0,0.029798800193943834,0.029353164805511978,triangle_20,0.5697185793522106,2.159675488387172,0.201171875,0.8271568838737232,16909.102448221918,26262.512724594202,True,0.1365686409994855,True,True,True
174479.24285572086,25.0,0.028656703904512953,0.02822814834883458,triangle_20,0.5697185793522106,2.159675488387172,0.201171875,0.8271568838737232,16969.099699123308,26037.34972800335,True,0.1493770539220086,True,True,True
181433.01173689478,25.0,0.027558380650433967,0.02714625031009211,triangle_20,0.5697185793522106,2.159675488387172,0.201171875,0.8271568838737232,17037.11554190956,25814.117177884455,True,0.15797670038431577,True,True,True
188663.9190378682,25.0,0.02650215274599703,0.026105818093045362,triangle_20,0.5697185793522106,2.159675488387172,0.201171875,0.8271568838737232,17112.58656737212,25592.798523455862,True,0.11127020614119228,True,True,True
196183.00994939107,25.0,0.025486406806021784,0.025105262440382456,triangle_20,0.5697185793522106,2.159675488387172,0.201171875,0.8271568838737232,17194.965162254422,25373.377355835084,True,0.08030499906280034,True,True,True
204001.76986187685,25.0,0.024509591281415558,0.02414305500613225,triangle_20,0.5697185793522106,2.159675488387172,0.201171875,0.8271568838737232,17283.717785351288,25155.83740682175,True,0.08776100183551538,True,True,True
212132.14190930122,25.0,0.02357021408918687,0.02321772602112057,triangle_20,0.5697185793522106,2.159675488387172,0.201171875,0.8271568838737232,17378.32354206911,24940.162547691834,True,0.1294599815624195,True,True,True
220586.54521230925,25.0,0.022666840333292405,0.022327862047901485,triangle_20,0.5697185793522106,2.159675488387172,0.201171875,0.8271568838737232,17478.27303791888,24726.33678800201,True,0.17958018639804676,True,True,True
229377.89384838412,25.0,0.02179809011283771,0.02147210382173592,triangle_20,0.5697185793522106,2.159675488387172,0.201171875,0.8271568838737232,17583.06749069,24514.344274403484,True,0.19559333398605563,True,True,True
238519.6165780681,25.0,0.02096263641428204,0.0206491441743182,triangle_20,0.5697185793522106,2.159675488387172,0.201171875,0.8271568838737232,17692.21808051441,24304.16928946697,True,0.14397621444215222,True,True,True
248025.67735735304,25.0,0.020159203084429228,0.019857726037080452,triangle_20,0.5697185793522106,2.159675488387172,0.201171875,0.8271568838737232,17805.24551664119,24095.796250517735,True,0.11216116337694956,True,True,True
257910.59666758825,25.0,0.019386562881106902,0.019096640521023542,triangle_20,0.5697185793522106,2.159675488387172,0.201171875,0.8271568838737232,17921.67979949799,23889.2097084795,True,0.12171268152048355,True,True,True
268189.4736954712,25.0,0.018643535598557807,0.018364725070142807,triangle_20,0.5697185793522106,2.159675488387172,0.201171875,0.8271568838737232,18041.060156512278,23684.394346729663,True,0.16895923458868356,True,True,True
278878.00939701713,25.0,0.017928986264678495,0.01766086168562671,triangle_20,0.5697185793522106,2.159675488387172,0.201171875,0.8271568838737232,18162.93513019776,23481.33497996324,True,0.23455728911791393,True,True,True
289992.53048072156,25.0,0.017241823407352884,0.016983975218117037,triangle_20,0.5697185793522106,2.159675488387172,0.201171875,0.8271568838737232,18286.862797198897,23280.016553067642,True,0.2397355737008043,True,True,True
301550.01434656646,25.0,0.01658099738723137,0.016333031725420992,triangle_20,0.5697185793522106,2.159675488387172,0.201171875,0.8271568838737232,18412.411097321517,23080.42414000564,True,0.1873951224848661,True,True,True
313568.1150189465,25.0,0.015945498794409912,0.015707036893167634,triangle_20,0.5697185793522106,2.159675488387172,0.201171875,0.8271568838737232,18539.158252078425,22882.542942709322,True,0.16401677137781914,True,True,True
326065.19011314726,25.0,0.01533435690655896,0.015105034515995198,triangle_20,0.5697185793522106,2.159675488387172,0.201171875,0.8271568838737232,18666.69325293496,22686.358289982843,True,0.18580801656578297,True,True,True
339060.3288765461,25.0,0.014746638206148056,0.01452610503695031,triangle_20,0.5697185793522106,2.159675488387172,0.201171875,0.8271568838737232,18794.61640025841,22491.85563641453,True,0.24465458127730313,True,True,True
352573.38134738983,25.0,0.014181444954500154,0.01396936414286707,triangle_20,0.5697185793522106,2.159675488387172,0.201171875,0.8271568838737232,18922.539874949216,22299.02056129838,True,0.3239611722802206,True,True,True
366624.98867566726,25.0,0.013637913820498532,0.013433961413581382,triangle_20,0.5697185793522106,2.159675488387172,0.201171875,0.8271568838737232,19050.08832584673,22107.83876756545,True,0.27649273581168465,True,True,True
381236.6146524139,25.0,0.013115214561850694,0.0129190790229163,triangle_20,0.5697185793522106,2.159675488387172,0.201171875,0.8271568838737232,19176.899457246855,21918.296080723045,True,0.20302333690718574,True,True,True
396430.578495587,25.0,0.012612548756895804,0.012423930489455047,triangle_20,0.5697185793522106,2.159675488387172,0.201171875,0.8271568838737232,19302.62460223098,21730.378447804378,True,0.16881720116135635,True,True,True
412230.0889426152,25.0,0.012129148585017598,0.011947759475192615,triangle_20,0.5697185793522106,2.159675488387172,0.201171875,0.8271568838737232,19426.929268950313,21544.071936326563,True,0.20262799295866799,True,True,True
428659.2797016736,25.0,0.011664275653800757,0.011489838630231796,triangle_20,0.5697185793522106,2.159675488387172,0.201171875,0.8271568838737232,19549.493648529093,21359.362733257494,True,0.2862396720907543,True,True,True
445743.2463158624,25.0,0.011217219871138332,0.011049468481758024,triangle_20,0.5697185793522106,2.159675488387172,0.201171875,0.8271568838737232,19670.013074811435,21176.237143991646,True,0.3930090810730714,True,True,True
463508.08449657244,25.0,0.010787298360568237,0.010625976365596803,triangle_20,0.5697185793522106,2.159675488387172,0.201171875,0.8271568838737232,19788.198427755135,20994.681591335277,True,0.31183691256273927,True,True,True
481980.92998461734,25.0,0.010373854418181188,0.010218715398720893,triangle_20,0.5697185793522106,2.159675488387172,0.201171875,0.8271568838737232,19903.776473847312,20814.682614499034,True,0.21122027177291916,True,True,True
501190.0,25.0,0.009976256509507373,0.009827063491138342,triangle_20,0.5697185793522106,2.159675488387172,0.201171875,0.8271568838737232,20016.490138461617,20636.22686810044,True,0.1666988220021996,True,True,True
